company_name,stock_code,matched_keyword,source_section,start_position,end_position,candidate_text_path,status,error_message
捷众科技,920690,股东情况,,25538,26455,outputs\week3_sample_outputs\candidate_texts\W3-2024-BSE001_920690_candidates.txt,success,
捷众科技,920690,增资、认购,,164974,166173,outputs\week3_sample_outputs\candidate_texts\W3-2024-BSE001_920690_candidates.txt,success,
捷众科技,920690,认购,,2669,3975,outputs\week3_sample_outputs\candidate_texts\W3-2024-BSE001_920690_candidates.txt,success,
捷众科技,920690,创业投资,,5727,6895,outputs\week3_sample_outputs\candidate_texts\W3-2024-BSE001_920690_candidates.txt,success,
捷众科技,920690,股份锁定,,32737,33810,outputs\week3_sample_outputs\candidate_texts\W3-2024-BSE001_920690_candidates.txt,success,
捷众科技,920690,股份锁定,,35311,36438,outputs\week3_sample_outputs\candidate_texts\W3-2024-BSE001_920690_candidates.txt,success,
捷众科技,920690,股份锁定,,36438,37687,outputs\week3_sample_outputs\candidate_texts\W3-2024-BSE001_920690_candidates.txt,success,
捷众科技,920690,股份锁定,,40256,41455,outputs\week3_sample_outputs\candidate_texts\W3-2024-BSE001_920690_candidates.txt,success,
云星宇,920806,股权转让,,3869,5221,outputs\week3_sample_outputs\candidate_texts\W3-2024-BSE002_920806_candidates.txt,success,
云星宇,920806,股权转让,,27029,28325,outputs\week3_sample_outputs\candidate_texts\W3-2024-BSE002_920806_candidates.txt,success,
云星宇,920806,股权转让,,91887,92748,outputs\week3_sample_outputs\candidate_texts\W3-2024-BSE002_920806_candidates.txt,success,
云星宇,920806,股权转让,,96818,98016,outputs\week3_sample_outputs\candidate_texts\W3-2024-BSE002_920806_candidates.txt,success,
云星宇,920806,股权转让,,190763,192157,outputs\week3_sample_outputs\candidate_texts\W3-2024-BSE002_920806_candidates.txt,success,
云星宇,920806,股东情况,,34189,34695,outputs\week3_sample_outputs\candidate_texts\W3-2024-BSE002_920806_candidates.txt,success,
云星宇,920806,股东情况,,42040,43048,outputs\week3_sample_outputs\candidate_texts\W3-2024-BSE002_920806_candidates.txt,success,
云星宇,920806,增资,,9223,10469,outputs\week3_sample_outputs\candidate_texts\W3-2024-BSE002_920806_candidates.txt,success,
康农种业,920403,股权转让,,172889,174023,outputs\week3_sample_outputs\candidate_texts\W3-2024-BSE003_920403_candidates.txt,success,
康农种业,920403,股东情况,,54754,55619,outputs\week3_sample_outputs\candidate_texts\W3-2024-BSE003_920403_candidates.txt,success,
康农种业,920403,创业投资,,11707,12682,outputs\week3_sample_outputs\candidate_texts\W3-2024-BSE003_920403_candidates.txt,success,
康农种业,920403,创业投资,,52768,53861,outputs\week3_sample_outputs\candidate_texts\W3-2024-BSE003_920403_candidates.txt,success,
康农种业,920403,创业投资,,53861,54754,outputs\week3_sample_outputs\candidate_texts\W3-2024-BSE003_920403_candidates.txt,success,
康农种业,920403,创业投资,,59782,61005,outputs\week3_sample_outputs\candidate_texts\W3-2024-BSE003_920403_candidates.txt,success,
康农种业,920403,创业投资,,64977,65895,outputs\week3_sample_outputs\candidate_texts\W3-2024-BSE003_920403_candidates.txt,success,
许昌智能,920496,股权转让,,169008,170261,outputs\week3_sample_outputs\candidate_texts\W3-2024-BSE004_920496_candidates.txt,success,
许昌智能,920496,股权转让,,171532,172550,outputs\week3_sample_outputs\candidate_texts\W3-2024-BSE004_920496_candidates.txt,success,
许昌智能,920496,股东情况、创业投资,,33401,34610,outputs\week3_sample_outputs\candidate_texts\W3-2024-BSE004_920496_candidates.txt,success,
许昌智能,920496,认购,,13237,14568,outputs\week3_sample_outputs\candidate_texts\W3-2024-BSE004_920496_candidates.txt,success,
许昌智能,920496,认购,,23590,23992,outputs\week3_sample_outputs\candidate_texts\W3-2024-BSE004_920496_candidates.txt,success,
许昌智能,920496,认购,,28694,29871,outputs\week3_sample_outputs\candidate_texts\W3-2024-BSE004_920496_candidates.txt,success,
许昌智能,920496,认购,,116295,117439,outputs\week3_sample_outputs\candidate_texts\W3-2024-BSE004_920496_candidates.txt,success,
海昇药业,920656,股东情况,,34254,35252,outputs\week3_sample_outputs\candidate_texts\W3-2024-BSE005_920656_candidates.txt,success,
海昇药业,920656,私募基金、创业投资,,14832,16067,outputs\week3_sample_outputs\candidate_texts\W3-2024-BSE005_920656_candidates.txt,success,
海昇药业,920656,增资、认购,,29636,30652,outputs\week3_sample_outputs\candidate_texts\W3-2024-BSE005_920656_candidates.txt,success,
海昇药业,920656,认购,,16067,17557,outputs\week3_sample_outputs\candidate_texts\W3-2024-BSE005_920656_candidates.txt,success,
海昇药业,920656,增资,,30652,31554,outputs\week3_sample_outputs\candidate_texts\W3-2024-BSE005_920656_candidates.txt,success,
海昇药业,920656,股份锁定,,42211,43259,outputs\week3_sample_outputs\candidate_texts\W3-2024-BSE005_920656_candidates.txt,success,
海昇药业,920656,股份锁定,,43259,44174,outputs\week3_sample_outputs\candidate_texts\W3-2024-BSE005_920656_candidates.txt,success,
海昇药业,920656,股份锁定,,57012,57855,outputs\week3_sample_outputs\candidate_texts\W3-2024-BSE005_920656_candidates.txt,success,
铁拓机械,920706,股权转让、增资,,34579,35654,outputs\week3_sample_outputs\candidate_texts\W3-2024-BSE006_920706_candidates.txt,success,
铁拓机械,920706,股东情况,,33422,34579,outputs\week3_sample_outputs\candidate_texts\W3-2024-BSE006_920706_candidates.txt,success,
铁拓机械,920706,增资,,2583,3881,outputs\week3_sample_outputs\candidate_texts\W3-2024-BSE006_920706_candidates.txt,success,
铁拓机械,920706,认购,,23263,23355,outputs\week3_sample_outputs\candidate_texts\W3-2024-BSE006_920706_candidates.txt,success,
铁拓机械,920706,认购,,24252,25163,outputs\week3_sample_outputs\candidate_texts\W3-2024-BSE006_920706_candidates.txt,success,
铁拓机械,920706,创业投资,,38003,39355,outputs\week3_sample_outputs\candidate_texts\W3-2024-BSE006_920706_candidates.txt,success,
铁拓机械,920706,股份锁定,,46816,48044,outputs\week3_sample_outputs\candidate_texts\W3-2024-BSE006_920706_candidates.txt,success,
铁拓机械,920706,股份锁定,,48044,49241,outputs\week3_sample_outputs\candidate_texts\W3-2024-BSE006_920706_candidates.txt,success,
戈碧迦,920438,股东情况、创业投资,,48283,49385,outputs\week3_sample_outputs\candidate_texts\W3-2024-BSE007_920438_candidates.txt,success,
戈碧迦,920438,创业投资、股份锁定,,64885,65877,outputs\week3_sample_outputs\candidate_texts\W3-2024-BSE007_920438_candidates.txt,success,
戈碧迦,920438,创业投资,,10344,11543,outputs\week3_sample_outputs\candidate_texts\W3-2024-BSE007_920438_candidates.txt,success,
戈碧迦,920438,认购,,34419,35314,outputs\week3_sample_outputs\candidate_texts\W3-2024-BSE007_920438_candidates.txt,success,
戈碧迦,920438,创业投资,,37952,38915,outputs\week3_sample_outputs\candidate_texts\W3-2024-BSE007_920438_candidates.txt,success,
戈碧迦,920438,创业投资,,39881,40804,outputs\week3_sample_outputs\candidate_texts\W3-2024-BSE007_920438_candidates.txt,success,
戈碧迦,920438,创业投资,,58794,59913,outputs\week3_sample_outputs\candidate_texts\W3-2024-BSE007_920438_candidates.txt,success,
戈碧迦,920438,创业投资,,59913,60908,outputs\week3_sample_outputs\candidate_texts\W3-2024-BSE007_920438_candidates.txt,success,
芭薇股份,920123,股权转让、投资协议、增资、认购,,31289,32432,outputs\week3_sample_outputs\candidate_texts\W3-2024-BSE008_920123_candidates.txt,success,
芭薇股份,920123,股权转让、投资协议、增资、认购,,32432,33624,outputs\week3_sample_outputs\candidate_texts\W3-2024-BSE008_920123_candidates.txt,success,
芭薇股份,920123,股权转让、投资协议、增资、认购,,52666,53989,outputs\week3_sample_outputs\candidate_texts\W3-2024-BSE008_920123_candidates.txt,success,
芭薇股份,920123,股权转让、投资协议、增资、认购,,55247,56586,outputs\week3_sample_outputs\candidate_texts\W3-2024-BSE008_920123_candidates.txt,success,
芭薇股份,920123,投资协议、特殊投资条款,,53989,55247,outputs\week3_sample_outputs\candidate_texts\W3-2024-BSE008_920123_candidates.txt,success,
芭薇股份,920123,投资协议、特殊投资条款,,56586,57553,outputs\week3_sample_outputs\candidate_texts\W3-2024-BSE008_920123_candidates.txt,success,
芭薇股份,920123,特殊投资条款、增资、认购,,50349,51417,outputs\week3_sample_outputs\candidate_texts\W3-2024-BSE008_920123_candidates.txt,success,
芭薇股份,920123,特殊投资条款、认购,,51417,52666,outputs\week3_sample_outputs\candidate_texts\W3-2024-BSE008_920123_candidates.txt,success,
无锡鼎邦,920931,历史沿革,,33313,34390,outputs\week3_sample_outputs\candidate_texts\W3-2024-BSE009_920931_candidates.txt,success,
无锡鼎邦,920931,股东情况,,25934,26724,outputs\week3_sample_outputs\candidate_texts\W3-2024-BSE009_920931_candidates.txt,success,
万达轴承,920002,股东情况,,40121,41115,outputs\week3_sample_outputs\candidate_texts\W3-2024-BSE010_920002_candidates.txt,success,
万达轴承,920002,增资、认购,,32948,34016,outputs\week3_sample_outputs\candidate_texts\W3-2024-BSE010_920002_candidates.txt,success,
万达轴承,920002,认购,,28436,29244,outputs\week3_sample_outputs\candidate_texts\W3-2024-BSE010_920002_candidates.txt,success,
万达轴承,920002,认购,,31751,32948,outputs\week3_sample_outputs\candidate_texts\W3-2024-BSE010_920002_candidates.txt,success,
万达轴承,920002,股份锁定,,50600,51472,outputs\week3_sample_outputs\candidate_texts\W3-2024-BSE010_920002_candidates.txt,success,
万达轴承,920002,股份锁定,,52419,53240,outputs\week3_sample_outputs\candidate_texts\W3-2024-BSE010_920002_candidates.txt,success,
万达轴承,920002,股份锁定,,53240,54146,outputs\week3_sample_outputs\candidate_texts\W3-2024-BSE010_920002_candidates.txt,success,
万达轴承,920002,股份锁定,,54146,55149,outputs\week3_sample_outputs\candidate_texts\W3-2024-BSE010_920002_candidates.txt,success,
太湖远大,920118,股权转让,,67261,67802,outputs\week3_sample_outputs\candidate_texts\W3-2024-BSE011_920118_candidates.txt,success,
太湖远大,920118,特殊投资条款、增资,,35609,36613,outputs\week3_sample_outputs\candidate_texts\W3-2024-BSE011_920118_candidates.txt,success,
太湖远大,920118,股东情况,,34624,35609,outputs\week3_sample_outputs\candidate_texts\W3-2024-BSE011_920118_candidates.txt,success,
太湖远大,920118,特殊投资条款,,36613,37441,outputs\week3_sample_outputs\candidate_texts\W3-2024-BSE011_920118_candidates.txt,success,
太湖远大,920118,外部投资者,,69837,70912,outputs\week3_sample_outputs\candidate_texts\W3-2024-BSE011_920118_candidates.txt,success,
太湖远大,920118,私募基金、创业投资,,30396,31238,outputs\week3_sample_outputs\candidate_texts\W3-2024-BSE011_920118_candidates.txt,success,
太湖远大,920118,私募基金、创业投资,,42933,44077,outputs\week3_sample_outputs\candidate_texts\W3-2024-BSE011_920118_candidates.txt,success,
太湖远大,920118,创业投资、股份锁定,,44801,45561,outputs\week3_sample_outputs\candidate_texts\W3-2024-BSE011_920118_candidates.txt,success,
成电光信,920008,股权转让、投资协议、创业投资、股份锁定,,39252,40409,outputs\week3_sample_outputs\candidate_texts\W3-2024-BSE012_920008_candidates.txt,success,
成电光信,920008,股权转让,,37170,38070,outputs\week3_sample_outputs\candidate_texts\W3-2024-BSE012_920008_candidates.txt,success,
成电光信,920008,股权转让,,40409,41487,outputs\week3_sample_outputs\candidate_texts\W3-2024-BSE012_920008_candidates.txt,success,
成电光信,920008,股东情况,,36063,37170,outputs\week3_sample_outputs\candidate_texts\W3-2024-BSE012_920008_candidates.txt,success,
成电光信,920008,创业投资、股份锁定,,70832,71813,outputs\week3_sample_outputs\candidate_texts\W3-2024-BSE012_920008_candidates.txt,success,
成电光信,920008,股份锁定,,1461,2429,outputs\week3_sample_outputs\candidate_texts\W3-2024-BSE012_920008_candidates.txt,success,
成电光信,920008,创业投资,,9718,10843,outputs\week3_sample_outputs\candidate_texts\W3-2024-BSE012_920008_candidates.txt,success,
成电光信,920008,创业投资,,45069,46126,outputs\week3_sample_outputs\candidate_texts\W3-2024-BSE012_920008_candidates.txt,success,
中草香料,920016,股权转让、创业投资、认购,,41468,42291,outputs\week3_sample_outputs\candidate_texts\W3-2024-BSE013_920016_candidates.txt,success,
中草香料,920016,股权转让,,34821,35715,outputs\week3_sample_outputs\candidate_texts\W3-2024-BSE013_920016_candidates.txt,success,
中草香料,920016,股权转让,,36618,37544,outputs\week3_sample_outputs\candidate_texts\W3-2024-BSE013_920016_candidates.txt,success,
中草香料,920016,股权转让,,38536,39571,outputs\week3_sample_outputs\candidate_texts\W3-2024-BSE013_920016_candidates.txt,success,
中草香料,920016,股权转让,,40502,41468,outputs\week3_sample_outputs\candidate_texts\W3-2024-BSE013_920016_candidates.txt,success,
中草香料,920016,特殊投资条款、认购,,33860,34821,outputs\week3_sample_outputs\candidate_texts\W3-2024-BSE013_920016_candidates.txt,success,
中草香料,920016,私募基金、增资、认购,,28173,29261,outputs\week3_sample_outputs\candidate_texts\W3-2024-BSE013_920016_candidates.txt,success,
中草香料,920016,股东情况,,30971,32089,outputs\week3_sample_outputs\candidate_texts\W3-2024-BSE013_920016_candidates.txt,success,
瑞华技术,920099,股权转让,,34102,34757,outputs\week3_sample_outputs\candidate_texts\W3-2024-BSE014_920099_candidates.txt,success,
瑞华技术,920099,股权转让,,34757,35646,outputs\week3_sample_outputs\candidate_texts\W3-2024-BSE014_920099_candidates.txt,success,
瑞华技术,920099,股东情况,,32293,33253,outputs\week3_sample_outputs\candidate_texts\W3-2024-BSE014_920099_candidates.txt,success,
瑞华技术,920099,股东情况,,130546,131566,outputs\week3_sample_outputs\candidate_texts\W3-2024-BSE014_920099_candidates.txt,success,
瑞华技术,920099,私募基金、创业投资,,29458,30419,outputs\week3_sample_outputs\candidate_texts\W3-2024-BSE014_920099_candidates.txt,success,
瑞华技术,920099,私募基金、创业投资,,30419,31430,outputs\week3_sample_outputs\candidate_texts\W3-2024-BSE014_920099_candidates.txt,success,
瑞华技术,920099,私募基金、创业投资,,31430,32293,outputs\week3_sample_outputs\candidate_texts\W3-2024-BSE014_920099_candidates.txt,success,
瑞华技术,920099,创业投资,,7898,8934,outputs\week3_sample_outputs\candidate_texts\W3-2024-BSE014_920099_candidates.txt,success,
铜冠矿建,920019,历史沿革,,53036,53860,outputs\week3_sample_outputs\candidate_texts\W3-2024-BSE015_920019_candidates.txt,success,
铜冠矿建,920019,股东情况,,51991,53036,outputs\week3_sample_outputs\candidate_texts\W3-2024-BSE015_920019_candidates.txt,success,
铜冠矿建,920019,增资、认购,,42031,42859,outputs\week3_sample_outputs\candidate_texts\W3-2024-BSE015_920019_candidates.txt,success,
铜冠矿建,920019,认购,,39038,39991,outputs\week3_sample_outputs\candidate_texts\W3-2024-BSE015_920019_candidates.txt,success,
铜冠矿建,920019,股份锁定,,71210,72156,outputs\week3_sample_outputs\candidate_texts\W3-2024-BSE015_920019_candidates.txt,success,
铜冠矿建,920019,股份锁定,,72156,73175,outputs\week3_sample_outputs\candidate_texts\W3-2024-BSE015_920019_candidates.txt,success,
铜冠矿建,920019,股份锁定,,89079,89920,outputs\week3_sample_outputs\candidate_texts\W3-2024-BSE015_920019_candidates.txt,success,
科力股份,920088,股权转让,,176383,177666,outputs\week3_sample_outputs\candidate_texts\W3-2024-BSE016_920088_candidates.txt,success,
科力股份,920088,股权转让,,183670,184756,outputs\week3_sample_outputs\candidate_texts\W3-2024-BSE016_920088_candidates.txt,success,
科力股份,920088,股东情况,,34514,35392,outputs\week3_sample_outputs\candidate_texts\W3-2024-BSE016_920088_candidates.txt,success,
科力股份,920088,股份锁定,,1500,2462,outputs\week3_sample_outputs\candidate_texts\W3-2024-BSE016_920088_candidates.txt,success,
科力股份,920088,认购,,29907,30054,outputs\week3_sample_outputs\candidate_texts\W3-2024-BSE016_920088_candidates.txt,success,
科力股份,920088,认购,,30961,31913,outputs\week3_sample_outputs\candidate_texts\W3-2024-BSE016_920088_candidates.txt,success,
科力股份,920088,认购,,35392,36582,outputs\week3_sample_outputs\candidate_texts\W3-2024-BSE016_920088_candidates.txt,success,
科力股份,920088,股份锁定,,49385,50807,outputs\week3_sample_outputs\candidate_texts\W3-2024-BSE016_920088_candidates.txt,success,
科拜尔,920066,外部投资者、特殊投资条款、增资、认购,,35023,36292,outputs\week3_sample_outputs\candidate_texts\W3-2024-BSE017_920066_candidates.txt,success,
科拜尔,920066,历史沿革、增资,,143666,144698,outputs\week3_sample_outputs\candidate_texts\W3-2024-BSE017_920066_candidates.txt,success,
科拜尔,920066,股权转让、增资,,144698,145770,outputs\week3_sample_outputs\candidate_texts\W3-2024-BSE017_920066_candidates.txt,success,
科拜尔,920066,股东情况、私募基金、创业投资,,30072,31097,outputs\week3_sample_outputs\candidate_texts\W3-2024-BSE017_920066_candidates.txt,success,
科拜尔,920066,股权转让,,36292,37348,outputs\week3_sample_outputs\candidate_texts\W3-2024-BSE017_920066_candidates.txt,success,
科拜尔,920066,股权转让,,121860,122703,outputs\week3_sample_outputs\candidate_texts\W3-2024-BSE017_920066_candidates.txt,success,
科拜尔,920066,股权转让,,125837,126962,outputs\week3_sample_outputs\candidate_texts\W3-2024-BSE017_920066_candidates.txt,success,
科拜尔,920066,股权转让,,145770,146790,outputs\week3_sample_outputs\candidate_texts\W3-2024-BSE017_920066_candidates.txt,success,
聚星科技,920111,股东情况,,28791,29722,outputs\week3_sample_outputs\candidate_texts\W3-2024-BSE018_920111_candidates.txt,success,
聚星科技,920111,认购,,21896,22482,outputs\week3_sample_outputs\candidate_texts\W3-2024-BSE018_920111_candidates.txt,success,
聚星科技,920111,认购,,23349,24128,outputs\week3_sample_outputs\candidate_texts\W3-2024-BSE018_920111_candidates.txt,success,
聚星科技,920111,股份锁定,,39041,40176,outputs\week3_sample_outputs\candidate_texts\W3-2024-BSE018_920111_candidates.txt,success,
聚星科技,920111,股份锁定,,41251,42510,outputs\week3_sample_outputs\candidate_texts\W3-2024-BSE018_920111_candidates.txt,success,
聚星科技,920111,股份锁定,,43510,44525,outputs\week3_sample_outputs\candidate_texts\W3-2024-BSE018_920111_candidates.txt,success,
聚星科技,920111,股份锁定,,44525,45434,outputs\week3_sample_outputs\candidate_texts\W3-2024-BSE018_920111_candidates.txt,success,
聚星科技,920111,股份锁定,,45434,46464,outputs\week3_sample_outputs\candidate_texts\W3-2024-BSE018_920111_candidates.txt,success,
万源通,920060,股东情况,,35781,36957,outputs\week3_sample_outputs\candidate_texts\W3-2024-BSE019_920060_candidates.txt,success,
万源通,920060,增资、认购,,36957,37965,outputs\week3_sample_outputs\candidate_texts\W3-2024-BSE019_920060_candidates.txt,success,
万源通,920060,认购,,28882,29870,outputs\week3_sample_outputs\candidate_texts\W3-2024-BSE019_920060_candidates.txt,success,
万源通,920060,增资,,30707,31679,outputs\week3_sample_outputs\candidate_texts\W3-2024-BSE019_920060_candidates.txt,success,
万源通,920060,股份锁定,,49855,50962,outputs\week3_sample_outputs\candidate_texts\W3-2024-BSE019_920060_candidates.txt,success,
万源通,920060,股份锁定,,59071,60199,outputs\week3_sample_outputs\candidate_texts\W3-2024-BSE019_920060_candidates.txt,success,
万源通,920060,股份锁定,,60199,61330,outputs\week3_sample_outputs\candidate_texts\W3-2024-BSE019_920060_candidates.txt,success,
万源通,920060,股份锁定,,61330,62411,outputs\week3_sample_outputs\candidate_texts\W3-2024-BSE019_920060_candidates.txt,success,
XD胜业电,920128,股东情况、增资、认购,,31441,32639,outputs\week3_sample_outputs\candidate_texts\W3-2024-BSE020_920128_candidates.txt,success,
XD胜业电,920128,股权转让,,176631,177523,outputs\week3_sample_outputs\candidate_texts\W3-2024-BSE020_920128_candidates.txt,success,
XD胜业电,920128,股东情况,,42623,43713,outputs\week3_sample_outputs\candidate_texts\W3-2024-BSE020_920128_candidates.txt,success,
XD胜业电,920128,认购,,28909,29864,outputs\week3_sample_outputs\candidate_texts\W3-2024-BSE020_920128_candidates.txt,success,
XD胜业电,920128,私募基金,,47292,48753,outputs\week3_sample_outputs\candidate_texts\W3-2024-BSE020_920128_candidates.txt,success,
XD胜业电,920128,私募基金,,53601,54593,outputs\week3_sample_outputs\candidate_texts\W3-2024-BSE020_920128_candidates.txt,success,
XD胜业电,920128,股份锁定,,55665,57075,outputs\week3_sample_outputs\candidate_texts\W3-2024-BSE020_920128_candidates.txt,success,
XD胜业电,920128,股份锁定,,57075,58440,outputs\week3_sample_outputs\candidate_texts\W3-2024-BSE020_920128_candidates.txt,success,
科隆新材,920098,股权转让、特殊投资条款、增资,,44438,45798,outputs\week3_sample_outputs\candidate_texts\W3-2024-BSE021_920098_candidates.txt,success,
科隆新材,920098,股权转让、增资、认购,,41100,42223,outputs\week3_sample_outputs\candidate_texts\W3-2024-BSE021_920098_candidates.txt,success,
科隆新材,920098,股权转让,,46890,47881,outputs\week3_sample_outputs\candidate_texts\W3-2024-BSE021_920098_candidates.txt,success,
科隆新材,920098,股东情况、认购,,38795,39922,outputs\week3_sample_outputs\candidate_texts\W3-2024-BSE021_920098_candidates.txt,success,
科隆新材,920098,特殊投资条款、认购,,43304,44438,outputs\week3_sample_outputs\candidate_texts\W3-2024-BSE021_920098_candidates.txt,success,
科隆新材,920098,特殊投资条款、增资,,45798,46890,outputs\week3_sample_outputs\candidate_texts\W3-2024-BSE021_920098_candidates.txt,success,
科隆新材,920098,创业投资,,10924,12203,outputs\week3_sample_outputs\candidate_texts\W3-2024-BSE021_920098_candidates.txt,success,
科隆新材,920098,创业投资,,36610,37693,outputs\week3_sample_outputs\candidate_texts\W3-2024-BSE021_920098_candidates.txt,success,
林泰新材,920106,股权转让、股本形成、历史沿革、特殊投资条款,,34434,35471,outputs\week3_sample_outputs\candidate_texts\W3-2024-BSE022_920106_candidates.txt,success,
林泰新材,920106,股东情况、创业投资,,33612,34434,outputs\week3_sample_outputs\candidate_texts\W3-2024-BSE022_920106_candidates.txt,success,
林泰新材,920106,股东情况、创业投资,,35471,36548,outputs\week3_sample_outputs\candidate_texts\W3-2024-BSE022_920106_candidates.txt,success,
林泰新材,920106,创业投资,,5070,6189,outputs\week3_sample_outputs\candidate_texts\W3-2024-BSE022_920106_candidates.txt,success,
林泰新材,920106,认购,,13292,14554,outputs\week3_sample_outputs\candidate_texts\W3-2024-BSE022_920106_candidates.txt,success,
林泰新材,920106,认购,,23343,24259,outputs\week3_sample_outputs\candidate_texts\W3-2024-BSE022_920106_candidates.txt,success,
林泰新材,920106,创业投资,,24781,25917,outputs\week3_sample_outputs\candidate_texts\W3-2024-BSE022_920106_candidates.txt,success,
林泰新材,920106,创业投资,,25917,26923,outputs\week3_sample_outputs\candidate_texts\W3-2024-BSE022_920106_candidates.txt,success,
方正阀门,920082,股权转让,,49051,50189,outputs\week3_sample_outputs\candidate_texts\W3-2024-BSE023_920082_candidates.txt,success,
方正阀门,920082,股权转让,,143861,144964,outputs\week3_sample_outputs\candidate_texts\W3-2024-BSE023_920082_candidates.txt,success,
方正阀门,920082,股权转让,,155827,156922,outputs\week3_sample_outputs\candidate_texts\W3-2024-BSE023_920082_candidates.txt,success,
方正阀门,920082,股东情况,,29747,30645,outputs\week3_sample_outputs\candidate_texts\W3-2024-BSE023_920082_candidates.txt,success,
方正阀门,920082,股东情况,,33775,34853,outputs\week3_sample_outputs\candidate_texts\W3-2024-BSE023_920082_candidates.txt,success,
方正阀门,920082,股东情况,,149092,149845,outputs\week3_sample_outputs\candidate_texts\W3-2024-BSE023_920082_candidates.txt,success,
方正阀门,920082,认购,,14462,16065,outputs\week3_sample_outputs\candidate_texts\W3-2024-BSE023_920082_candidates.txt,success,
方正阀门,920082,认购,,28851,29747,outputs\week3_sample_outputs\candidate_texts\W3-2024-BSE023_920082_candidates.txt,success,
迅安科技,920950,投资协议、认购,,5044,5736,outputs\week3_sample_outputs\candidate_texts\W3-2023-BSE001_920950_candidates.txt,success,
迅安科技,920950,投资协议,,27109,27896,outputs\week3_sample_outputs\candidate_texts\W3-2023-BSE001_920950_candidates.txt,success,
迅安科技,920950,股东情况,,33836,34523,outputs\week3_sample_outputs\candidate_texts\W3-2023-BSE001_920950_candidates.txt,success,
迅安科技,920950,投资协议,,132070,133269,outputs\week3_sample_outputs\candidate_texts\W3-2023-BSE001_920950_candidates.txt,success,
迅安科技,920950,私募基金、创业投资,,14736,15722,outputs\week3_sample_outputs\candidate_texts\W3-2023-BSE001_920950_candidates.txt,success,
迅安科技,920950,认购,,27896,28213,outputs\week3_sample_outputs\candidate_texts\W3-2023-BSE001_920950_candidates.txt,success,
迅安科技,920950,认购,,29684,30562,outputs\week3_sample_outputs\candidate_texts\W3-2023-BSE001_920950_candidates.txt,success,
迅安科技,920950,私募基金,,32960,33836,outputs\week3_sample_outputs\candidate_texts\W3-2023-BSE001_920950_candidates.txt,success,
利尔达,920249,股权转让、历史沿革,,113696,114470,outputs\week3_sample_outputs\candidate_texts\W3-2023-BSE002_920249_candidates.txt,success,
利尔达,920249,历史沿革、增资、认购,,75788,76695,outputs\week3_sample_outputs\candidate_texts\W3-2023-BSE002_920249_candidates.txt,success,
利尔达,920249,股权转让、认购,,65163,66086,outputs\week3_sample_outputs\candidate_texts\W3-2023-BSE002_920249_candidates.txt,success,
利尔达,920249,历史沿革,,63412,64260,outputs\week3_sample_outputs\candidate_texts\W3-2023-BSE002_920249_candidates.txt,success,
利尔达,920249,股权转让,,64260,65163,outputs\week3_sample_outputs\candidate_texts\W3-2023-BSE002_920249_candidates.txt,success,
利尔达,920249,股东情况,,62362,63412,outputs\week3_sample_outputs\candidate_texts\W3-2023-BSE002_920249_candidates.txt,success,
利尔达,920249,增资、认购,,74860,75788,outputs\week3_sample_outputs\candidate_texts\W3-2023-BSE002_920249_candidates.txt,success,
利尔达,920249,认购,,53112,53889,outputs\week3_sample_outputs\candidate_texts\W3-2023-BSE002_920249_candidates.txt,success,
*ST康乐,920575,股权转让、历史沿革,,87007,87965,outputs\week3_sample_outputs\candidate_texts\W3-2023-BSE003_920575_candidates.txt,success,
*ST康乐,920575,股权转让、股东情况,,51157,52068,outputs\week3_sample_outputs\candidate_texts\W3-2023-BSE003_920575_candidates.txt,success,
*ST康乐,920575,股权转让、增资、认购,,56363,57182,outputs\week3_sample_outputs\candidate_texts\W3-2023-BSE003_920575_candidates.txt,success,
*ST康乐,920575,股权转让、增资,,58027,59031,outputs\week3_sample_outputs\candidate_texts\W3-2023-BSE003_920575_candidates.txt,success,
*ST康乐,920575,股权转让、增资,,84886,85972,outputs\week3_sample_outputs\candidate_texts\W3-2023-BSE003_920575_candidates.txt,success,
*ST康乐,920575,股权转让,,50176,51157,outputs\week3_sample_outputs\candidate_texts\W3-2023-BSE003_920575_candidates.txt,success,
*ST康乐,920575,股权转让,,57182,58027,outputs\week3_sample_outputs\candidate_texts\W3-2023-BSE003_920575_candidates.txt,success,
*ST康乐,920575,股权转让,,85972,87007,outputs\week3_sample_outputs\candidate_texts\W3-2023-BSE003_920575_candidates.txt,success,
迪尔化工,920304,历史沿革,,65082,66556,outputs\week3_sample_outputs\candidate_texts\W3-2023-BSE004_920304_candidates.txt,success,
迪尔化工,920304,股东情况,,9267,10292,outputs\week3_sample_outputs\candidate_texts\W3-2023-BSE004_920304_candidates.txt,success,
迪尔化工,920304,股东情况,,26975,27602,outputs\week3_sample_outputs\candidate_texts\W3-2023-BSE004_920304_candidates.txt,success,
迪尔化工,920304,股东情况,,27602,28986,outputs\week3_sample_outputs\candidate_texts\W3-2023-BSE004_920304_candidates.txt,success,
迪尔化工,920304,股东情况,,32958,33911,outputs\week3_sample_outputs\candidate_texts\W3-2023-BSE004_920304_candidates.txt,success,
迪尔化工,920304,认购,,3648,4877,outputs\week3_sample_outputs\candidate_texts\W3-2023-BSE004_920304_candidates.txt,success,
迪尔化工,920304,认购,,24127,25218,outputs\week3_sample_outputs\candidate_texts\W3-2023-BSE004_920304_candidates.txt,success,
迪尔化工,920304,认购,,26132,26975,outputs\week3_sample_outputs\candidate_texts\W3-2023-BSE004_920304_candidates.txt,success,
宁新新材,920719,股权转让、创业投资,,186787,187823,outputs\week3_sample_outputs\candidate_texts\W3-2023-BSE005_920719_candidates.txt,success,
宁新新材,920719,股权转让,,53729,54712,outputs\week3_sample_outputs\candidate_texts\W3-2023-BSE005_920719_candidates.txt,success,
宁新新材,920719,股东情况、私募基金、创业投资,,56516,57423,outputs\week3_sample_outputs\candidate_texts\W3-2023-BSE005_920719_candidates.txt,success,
宁新新材,920719,股东情况、增资,,60766,61731,outputs\week3_sample_outputs\candidate_texts\W3-2023-BSE005_920719_candidates.txt,success,
宁新新材,920719,股份锁定,,1576,2347,outputs\week3_sample_outputs\candidate_texts\W3-2023-BSE005_920719_candidates.txt,success,
宁新新材,920719,创业投资,,7713,8989,outputs\week3_sample_outputs\candidate_texts\W3-2023-BSE005_920719_candidates.txt,success,
宁新新材,920719,认购,,17227,18537,outputs\week3_sample_outputs\candidate_texts\W3-2023-BSE005_920719_candidates.txt,success,
宁新新材,920719,认购,,18537,19395,outputs\week3_sample_outputs\candidate_texts\W3-2023-BSE005_920719_candidates.txt,success,
瑞星股份,920717,股东情况,,29756,30872,outputs\week3_sample_outputs\candidate_texts\W3-2023-BSE006_920717_candidates.txt,success,
瑞星股份,920717,认购,,23713,24026,outputs\week3_sample_outputs\candidate_texts\W3-2023-BSE006_920717_candidates.txt,success,
瑞星股份,920717,股份锁定,,41074,42131,outputs\week3_sample_outputs\candidate_texts\W3-2023-BSE006_920717_candidates.txt,success,
瑞星股份,920717,股份锁定,,42131,43237,outputs\week3_sample_outputs\candidate_texts\W3-2023-BSE006_920717_candidates.txt,success,
瑞星股份,920717,股份锁定,,43237,44273,outputs\week3_sample_outputs\candidate_texts\W3-2023-BSE006_920717_candidates.txt,success,
瑞星股份,920717,股份锁定,,44273,45402,outputs\week3_sample_outputs\candidate_texts\W3-2023-BSE006_920717_candidates.txt,success,
瑞星股份,920717,股份锁定,,55372,56381,outputs\week3_sample_outputs\candidate_texts\W3-2023-BSE006_920717_candidates.txt,success,
博迅生物,920504,发行前股东,,1548,2376,outputs\week3_sample_outputs\candidate_texts\W3-2023-BSE007_920504_candidates.txt,success,
博迅生物,920504,股东情况,,31524,32648,outputs\week3_sample_outputs\candidate_texts\W3-2023-BSE007_920504_candidates.txt,success,
博迅生物,920504,认购、股份锁定,,29550,30595,outputs\week3_sample_outputs\candidate_texts\W3-2023-BSE007_920504_candidates.txt,success,
博迅生物,920504,认购,,24610,24878,outputs\week3_sample_outputs\candidate_texts\W3-2023-BSE007_920504_candidates.txt,success,
博迅生物,920504,股份锁定,,30595,31524,outputs\week3_sample_outputs\candidate_texts\W3-2023-BSE007_920504_candidates.txt,success,
博迅生物,920504,私募基金,,32648,33544,outputs\week3_sample_outputs\candidate_texts\W3-2023-BSE007_920504_candidates.txt,success,
博迅生物,920504,股份锁定,,39345,41124,outputs\week3_sample_outputs\candidate_texts\W3-2023-BSE007_920504_candidates.txt,success,
开特股份,920978,股权转让、认购,,35119,36088,outputs\week3_sample_outputs\candidate_texts\W3-2023-BSE008_920978_candidates.txt,success,
开特股份,920978,股权转让、创业投资,,36088,37055,outputs\week3_sample_outputs\candidate_texts\W3-2023-BSE008_920978_candidates.txt,success,
开特股份,920978,股东情况、创业投资,,34187,35119,outputs\week3_sample_outputs\candidate_texts\W3-2023-BSE008_920978_candidates.txt,success,
开特股份,920978,创业投资,,7825,9158,outputs\week3_sample_outputs\candidate_texts\W3-2023-BSE008_920978_candidates.txt,success,
开特股份,920978,认购,,26240,26866,outputs\week3_sample_outputs\candidate_texts\W3-2023-BSE008_920978_candidates.txt,success,
开特股份,920978,认购,,28647,29186,outputs\week3_sample_outputs\candidate_texts\W3-2023-BSE008_920978_candidates.txt,success,
开特股份,920978,创业投资,,47510,48550,outputs\week3_sample_outputs\candidate_texts\W3-2023-BSE008_920978_candidates.txt,success,
开特股份,920978,股份锁定,,49735,51115,outputs\week3_sample_outputs\candidate_texts\W3-2023-BSE008_920978_candidates.txt,success,
纳科诺尔,920522,股权转让、增资、认购,,46607,48091,outputs\week3_sample_outputs\candidate_texts\W3-2023-BSE009_920522_candidates.txt,success,
纳科诺尔,920522,股权转让,,41528,42753,outputs\week3_sample_outputs\candidate_texts\W3-2023-BSE009_920522_candidates.txt,success,
纳科诺尔,920522,股权转让,,42753,43958,outputs\week3_sample_outputs\candidate_texts\W3-2023-BSE009_920522_candidates.txt,success,
纳科诺尔,920522,股权转让,,43958,45191,outputs\week3_sample_outputs\candidate_texts\W3-2023-BSE009_920522_candidates.txt,success,
纳科诺尔,920522,股权转让,,55720,56854,outputs\week3_sample_outputs\candidate_texts\W3-2023-BSE009_920522_candidates.txt,success,
纳科诺尔,920522,股东情况,,35031,35627,outputs\week3_sample_outputs\candidate_texts\W3-2023-BSE009_920522_candidates.txt,success,
纳科诺尔,920522,股东情况,,40166,41528,outputs\week3_sample_outputs\candidate_texts\W3-2023-BSE009_920522_candidates.txt,success,
纳科诺尔,920522,投资协议,,48091,49177,outputs\week3_sample_outputs\candidate_texts\W3-2023-BSE009_920522_candidates.txt,success,
莱赛激光,920363,股东情况,,30906,31915,outputs\week3_sample_outputs\candidate_texts\W3-2023-BSE010_920363_candidates.txt,success,
莱赛激光,920363,股份锁定,,1474,2156,outputs\week3_sample_outputs\candidate_texts\W3-2023-BSE010_920363_candidates.txt,success,
莱赛激光,920363,认购,,14408,15890,outputs\week3_sample_outputs\candidate_texts\W3-2023-BSE010_920363_candidates.txt,success,
莱赛激光,920363,股份锁定,,41361,42602,outputs\week3_sample_outputs\candidate_texts\W3-2023-BSE010_920363_candidates.txt,success,
